chunk_id,chunk_string,source,loc,parent_id,source_nodes,edges,path_type,path,is_specific,is_guideline,evidence,evidence_level
r_1,Age over 50 is an independent predisposing risk factor that increases susceptibility to vertebral fracture.,2,low back,Fracture,Age over 50,RISK_FACTOR_FOR,both,Osteoporosis,no,no,title: The diagnostic value of Red Flags in thoracolumbar pain: a systematic review | author: Maselli F | year: 2022 | authority: Disability and Rehabilitation | doi: https://doi.org/10.1080/09638288.2020.1804626,SRMA
r_2,A recent history of trauma is a primary trigger event that indicates high suspicion for a vertebral fracture.,2,low back,Fracture,Recent trauma,TRIGGER_FOR,direct,-,yes,no,title: The diagnostic value of Red Flags in thoracolumbar pain: a systematic review | author: Maselli F | year: 2022 | authority: Disability and Rehabilitation | doi: https://doi.org/10.1080/09638288.2020.1804626,SRMA
r_3,"Local bruising or abrasion can indicate recent trauma. In the context of recent, significant trauma, vertebral fracture should be considered as a possible serious pathology.",2,low back,Fracture,Bruising,SUGGESTIVE_OF,mediated,Recent trauma,no,no,title: The diagnostic value of Red Flags in thoracolumbar pain: a systematic review | author: Maselli F | year: 2022 | authority: Disability and Rehabilitation | doi: https://doi.org/10.1080/09638288.2020.1804626,SRMA
r_4,Female sex is an independent pre-disposing risk factor that increases susceptibility to vertebral fracture.,2,low back,Fracture,Female sex,RISK_FACTOR_FOR,both,Osteoporosis,no,no,title: The diagnostic value of Red Flags in thoracolumbar pain: a systematic review | author: Maselli F | year: 2022 | authority: Disability and Rehabilitation | doi: https://doi.org/10.1080/09638288.2020.1804626,SRMA
r_5,"Pain severity greater than 7/10 (on a 0–10 scale) has been reported in association with vertebral fracture. Severe pain alone is not specific for fracture, but used together with trauma history, age, and other red flags to guide triage urgency.",2,low back,Fracture,Severe pain,ASSOCIATED_WITH,direct,-,no,no,title: The diagnostic value of Red Flags in thoracolumbar pain: a systematic review | author: Maselli F | year: 2022 | authority: Disability and Rehabilitation | doi: https://doi.org/10.1080/09638288.2020.1804626,SRMA
r_6,Prolonged corticosteroid therapy (greater than 5 or 7.5 mg per day over a 3-month period) predisposes to vertebral fracture by weakening bone. It indicates higher suspicion for fracture when pain occurs in a patient with ongoing steroid exposure.,1,low back,Fracture,Corticosteroids,ASSOCIATED_WITH,mediated,Osteoporosis,yes,no,title: International Framework for Red Flags for Potential Serious Spinal Pathologies | author: Finucane L | year: 2020 | authority: Journal of Orthopaedic and Sports Physical Therapy | doi: https://doi.org/10.2519/jospt.2020.9971,SRMA
r_7,"Osteoporosis predisposes to vertebral fracture by reducing vertebral bone strength. It is a common mechanistic link between chronic risk factors (e.g. older age, prolonged steroids) and fragility-related spinal injury.",2,low back,Fracture,Osteoporosis,RISK_FACTOR_FOR,direct,-,yes,no,title: The diagnostic value of Red Flags in thoracolumbar pain: a systematic review | author: Maselli F | year: 2022 | authority: Disability and Rehabilitation | doi: https://doi.org/10.1080/09638288.2020.1804626,SRMA
r_8,"Heavy or excessive alcohol use predisposes to vertebral insufficiency fracture by harming bone health and increasing falls. It raises concern for vertebral fracture, particularly with other fracture risk factors or in the context of trauma.",1,low back,Fracture,Alcohol,RISK_FACTOR_FOR,mediated,Osteoporosis,no,no,title: International Framework for Red Flags for Potential Serious Spinal Pathologies | author: Finucane L | year: 2020 | authority: Journal of Orthopaedic and Sports Physical Therapy | doi: https://doi.org/10.2519/jospt.2020.9971,SRMA
r_9,"Nutritional deficiencies caused by dietary restrictions, eating disorders, or conditions affecting intestinal absorption (e.g. Crohn's disease) affects bone health and is a risk factor for vertebral fracture.",1,low back,Fracture,Nutrient Deficiency,RISK_FACTOR_FOR,mediated,Osteoporosis,no,no,title: International Framework for Red Flags for Potential Serious Spinal Pathologies | author: Finucane L | year: 2020 | authority: Journal of Orthopaedic and Sports Physical Therapy | doi: https://doi.org/10.2519/jospt.2020.9971,SRMA
r_10,Vitamin D deficiency predisposes to vertebral fracture by weakening bone. Should be used in combination with other risk factors: isolated vitamin D deficiency is a weak stand-alone indicator.,1,low back,Fracture,Vitamin Deficiency,RISK_FACTOR_FOR,mediated,Osteoporosis,no,no,title: International Framework for Red Flags for Potential Serious Spinal Pathologies | author: Finucane L | year: 2020 | authority: Journal of Orthopaedic and Sports Physical Therapy | doi: https://doi.org/10.2519/jospt.2020.9971,SRMA
r_11,"Diabetes, especially when poorly controlled, is a risk factor for vertebral fracture due to reduced bone health. Risk will depend on if diabetes is present, how well it is controlled, and whether there are other osteoporosis-related risks (steroids, age, prior fracture). Diabetes alone does not confirm fracture—use it with trauma history, worsening pain, and other red flags to determine triage urgency.",1,low back,Fracture,Diabetes,RISK_FACTOR_FOR,mediated,Osteoporosis,no,no,title: International Framework for Red Flags for Potential Serious Spinal Pathologies | author: Finucane L | year: 2020 | authority: Journal of Orthopaedic and Sports Physical Therapy | doi: https://doi.org/10.2519/jospt.2020.9971,SRMA
r_12,"Rheumatoid arthritis is a risk factor for vertebral (osteoporotic) fracture. Patients may also have long-term corticosteroid use, which further increases fracture risk. Rheumatoid arthritis alone does not confirm fracture—use it with trauma history, worsening pain, and other red flags to determine triage urgency.",1,low back,Fracture,Rheumatoid arthritis,RISK_FACTOR_FOR,both,Corticosteroids,no,no,title: International Framework for Red Flags for Potential Serious Spinal Pathologies | author: Finucane L | year: 2020 | authority: Journal of Orthopaedic and Sports Physical Therapy | doi: https://doi.org/10.2519/jospt.2020.9971,SRMA
r_13,"Smoking increases the risk of vertebral fracture, particularly heavy smoking (more than 20 cigarettes per day). Tobacco exposure worsens bone health and is part of a broader risk-factor profile. Heavy smoking alone does not confirm fracture—use it with trauma history, worsening pain, and other red flags to determine triage urgency.",1,low back,Fracture,Smoking,RISK_FACTOR_FOR,mediated,Osteoporosis,no,no,title: International Framework for Red Flags for Potential Serious Spinal Pathologies | author: Finucane L | year: 2020 | authority: Journal of Orthopaedic and Sports Physical Therapy | doi: https://doi.org/10.2519/jospt.2020.9971,SRMA
r_14,Osteoarthritis may increase clinical concern for vertebral fracture in combination with other red flags; isolated osteoarthritis is a weak stand-alone indicator,2,low back,Fracture,Osteoarthritis,RISK_FACTOR_FOR,direct,-,no,no,title: The diagnostic value of Red Flags in thoracolumbar pain: a systematic review | author: Maselli F | year: 2022 | authority: Disability and Rehabilitation | doi: https://doi.org/10.1080/09638288.2020.1804626,SRMA
r_15,"New or worsening neurologic motor symptoms (leg weakness, poor balance when walking, foot drop) alongside spinal pain raises concern for spinal cord compression as a result of vertebral fracture.",2,low back,Fracture,Neuro motor deficit,SUGGESTIVE_OF,direct,-,no,no,title: The diagnostic value of Red Flags in thoracolumbar pain: a systematic review | author: Maselli F | year: 2022 | authority: Disability and Rehabilitation | doi: https://doi.org/10.1080/09638288.2020.1804626,SRMA
r_16,"Low back point tenderness raises concern for vertebral fracture, especially when combined with concurrent bruising/abrasion and history of trauma. Combine point tenderness with fracture risk factors (age, trauma, osteoporosis, weight-bearing pain) to determine triage urgency —tenderness alone is not sufficient to confirm fracture.",3,low back,Fracture,Point tenderness,SUGGESTIVE_OF,direct,-,yes,no,title: The use of red flags in screening patients in physiotherapy: narrative review. | author: Maselli F | year: 2019 | authority: University of Genova | doi: https://hdl.handle.net/20.500.14242/101517,SRMA
r_17,"Pain that is worse with weight-bearing is a common feature of vertebral fracture. After trauma or insufficiency fracture, pain is often severe and localized to the affected area. This pattern supports mechanical loading of an unstable vertebral segment. Combine with fracture risk factors (age, osteoporosis, trauma, steroids); weight-bearing pain alone is not diagnostic.",3,low back,Fracture,Pain weight-bearing,SUGGESTIVE_OF,direct,-,no,no,title: The use of red flags in screening patients in physiotherapy: narrative review. | author: Maselli F | year: 2019 | authority: University of Genova | doi: https://hdl.handle.net/20.500.14242/101517,SRMA
r_18,"New or worsening neurologic sensory symptoms (electric shock-like pain, tingling, numbness, loss of proprioception) alongside spinal pain raises concern for spinal cord compression as a result of vertebral fracture.",2,low back,Fracture,Neuro sensory deficit,SUGGESTIVE_OF,direct,-,no,no,title: The diagnostic value of Red Flags in thoracolumbar pain: a systematic review | author: Maselli F | year: 2022 | authority: Disability and Rehabilitation | doi: https://doi.org/10.1080/09638288.2020.1804626,SRMA
r_19,"A previous history of cancer is a major risk factor for spinal malignancy, including metastatic spinal disease. The 5 most common cancers to metastasize are breast, prostate, lung, kidney, and thyroid. History of cancer alone does not confirm malignancy; combine with other red flags to guide triage urgency.",1,low back,Malignancy,Previous cancer,RISK_FACTOR_FOR,direct,-,yes,no,title: International Framework for Red Flags for Potential Serious Spinal Pathologies | author: Finucane L | year: 2020 | authority: Journal of Orthopaedic and Sports Physical Therapy | doi: https://doi.org/10.2519/jospt.2020.9971,SRMA
r_20,Age over 50 years is an independent predisposing risk factor that increases susceptibility to malignancy.,2,low back,Malignancy,Age over 50,RISK_FACTOR_FOR,direct,-,no,no,title: The diagnostic value of Red Flags in thoracolumbar pain: a systematic review | author: Maselli F | year: 2022 | authority: Disability and Rehabilitation | doi: https://doi.org/10.1080/09638288.2020.1804626,SRMA
r_21,"Unexplained weight loss is a worrying red-flag symptom that raises suspicion for malignancy. It is necessary to rule out diet change, increased activity, or medication effects as potential benign causes of weight loss.",2,low back,Malignancy,Unexplained weight loss,SUGGESTIVE_OF,direct,-,no,no,title: The diagnostic value of Red Flags in thoracolumbar pain: a systematic review | author: Maselli F | year: 2022 | authority: Disability and Rehabilitation | doi: https://doi.org/10.1080/09638288.2020.1804626,SRMA
r_22,"Lack of improvement in back pain despite appropriate conservative treatment (e.g. activity modification, analgesia, physiotherapy) raises suspicion for spinal malignancy when symptoms persist or worsen.",2,low back,Malignancy,Refractory pain,SUGGESTIVE_OF,direct,-,no,no,title: The diagnostic value of Red Flags in thoracolumbar pain: a systematic review | author: Maselli F | year: 2022 | authority: Disability and Rehabilitation | doi: https://doi.org/10.1080/09638288.2020.1804626,SRMA
r_23,"Constant or steadily worsening pain that does not improve with position or activity is a red-flag pain profile for malignancy. Interpret alongside cancer history, weight loss, and symptoms—not in isolation.",2,low back,Malignancy,Constant pain,SUGGESTIVE_OF,direct,-,no,no,title: The diagnostic value of Red Flags in thoracolumbar pain: a systematic review | author: Maselli F | year: 2022 | authority: Disability and Rehabilitation | doi: https://doi.org/10.1080/09638288.2020.1804626,SRMA
r_24,"Immunosuppression from comorbidity or medication (e.g. diabetes, HIV, rheumatoid disease) or indicated by recurrent infections is a red-flag risk factor for malignancy.",3,low back,Malignancy,Immunosuppression,RISK_FACTOR_FOR,direct,-,no,no,title: The use of red flags in screening patients in physiotherapy: narrative review. | author: Maselli F | year: 2019 | authority: University of Genova | doi: https://hdl.handle.net/20.500.14242/101517,SRMA
r_25,"Pain severity greater than 7/10 (on a 0–10 scale) has been reported in association with vertebral malignancy. Severe pain alone is not specific for malignancy, but used together with cancer history, age, and other red flags to guide triage urgency.",3,low back,Malignancy,Severe pain,ASSOCIATED_WITH,direct,-,no,no,title: The use of red flags in screening patients in physiotherapy: narrative review. | author: Maselli F | year: 2019 | authority: University of Genova | doi: https://hdl.handle.net/20.500.14242/101517,SRMA
r_26,"Back pain that wakes you at night and prevents you from settling back to sleep is a red-flag symptom to consider in spinal malignancy, especially when pain is progressive, unfamiliar, and accompanied by prior cancer or unexplained weight loss.",3,low back,Malignancy,Night pain,SUGGESTIVE_OF,direct,-,no,no,title: The use of red flags in screening patients in physiotherapy: narrative review. | author: Maselli F | year: 2019 | authority: University of Genova | doi: https://hdl.handle.net/20.500.14242/101517,SRMA
r_27,"Smoking increases the risk of vertebral malignancy, particularly heavy smoking (more than 20 cigarettes per day). Tobacco exposure is linked to cancer, worsens bone health, and is part of a broader risk-factor profile. Heavy smoking alone does not confirm malignancy—use it with cancer history, worsening pain, and other red flags to determine triage urgency.",3,low back,Malignancy,Smoking,RISK_FACTOR_FOR,direct,-,no,no,title: The use of red flags in screening patients in physiotherapy: narrative review. | author: Maselli F | year: 2019 | authority: University of Genova | doi: https://hdl.handle.net/20.500.14242/101517,SRMA
r_28,"New or worsening neurologic motor symptoms (leg weakness, poor balance when walking, foot drop) alongside spinal pain raises concern for spinal cord compression by tumour.",2,low back,Malignancy,Neuro motor deficit,SUGGESTIVE_OF,direct,-,no,no,title: The diagnostic value of Red Flags in thoracolumbar pain: a systematic review | author: Maselli F | year: 2022 | authority: Disability and Rehabilitation | doi: https://doi.org/10.1080/09638288.2020.1804626,SRMA
r_29,"New or worsening neurologic sensory symptoms (electric shock-like pain, tingling, numbness, loss of proprioception) alongside spinal pain raises concern for spinal cord compression by tumour.",2,low back,Malignancy,Neuro sensory deficit,SUGGESTIVE_OF,direct,-,no,no,title: The diagnostic value of Red Flags in thoracolumbar pain: a systematic review | author: Maselli F | year: 2022 | authority: Disability and Rehabilitation | doi: https://doi.org/10.1080/09638288.2020.1804626,SRMA
r_30,"Unexplained weight loss is a red-flag symptom that raises suspicion for spinal infection. It is necessary to rule out diet change, increased activity, or medication effects as potential benign causes of weight loss.",2,low back,Infection,Unexplained weight loss,SUGGESTIVE_OF,direct,-,no,no,title: The diagnostic value of Red Flags in thoracolumbar pain: a systematic review | author: Maselli F | year: 2022 | authority: Disability and Rehabilitation | doi: https://doi.org/10.1080/09638288.2020.1804626,SRMA
r_31,"Fever since the onset of spinal pain is a red-flag symptom for spinal infection and forms part of the classic triad with back pain and potential neurological dysfunction. Absence of fever does not rule out spinal infection- interpret alongside intravenous drug use history, recent infections, and symptoms.",2,low back,Infection,Fever,SUGGESTIVE_OF,direct,-,yes,no,title: The diagnostic value of Red Flags in thoracolumbar pain: a systematic review | author: Maselli F | year: 2022 | authority: Disability and Rehabilitation | doi: https://doi.org/10.1080/09638288.2020.1804626,SRMA
r_32,"Chills since the onset of back pain are a spinal infection red flag, screened alongside fever. Absence of chills does not rule out spinal infection- interpret alongside intravenous drug use history, recent infections, and symptoms.",2,low back,Infection,Chills,SUGGESTIVE_OF,direct,-,yes,no,title: The diagnostic value of Red Flags in thoracolumbar pain: a systematic review | author: Maselli F | year: 2022 | authority: Disability and Rehabilitation | doi: https://doi.org/10.1080/09638288.2020.1804626,SRMA
r_33,"Night sweats since the onset of back pain are a spinal infection red flag, screened alongside fever. Absence of night sweats does not rule out spinal infection- interpret alongside intravenous drug use history, recent infections, and symptoms.",2,low back,Infection,Night sweats,SUGGESTIVE_OF,direct,-,yes,no,title: The diagnostic value of Red Flags in thoracolumbar pain: a systematic review | author: Maselli F | year: 2022 | authority: Disability and Rehabilitation | doi: https://doi.org/10.1080/09638288.2020.1804626,SRMA
r_34,Age over 50 years is an independent predisposing risk factor that increases susceptibility to spinal infection.,3,low back,Infection,Age over 50,RISK_FACTOR_FOR,mediated,Immunosuppresion,no,no,title: The use of red flags in screening patients in physiotherapy: narrative review. | author: Maselli F | year: 2019 | authority: University of Genova | doi: https://hdl.handle.net/20.500.14242/101517,SRMA
r_35,"Intravenous (IV) drug use is associated with an increased risk of spinal infection. When assessing back pain, ask about current or past recreational drug use and route of administration (oral versus IV) in a non-judgmental way. Known IV drug users warrant a lower threshold for infection screening (fever, chills, progressive pain, neurological symptoms).",3,low back,Infection,IV drug user,RISK_FACTOR_FOR,direct,-,yes,no,title: The use of red flags in screening patients in physiotherapy: narrative review. | author: Maselli F | year: 2019 | authority: University of Genova | doi: https://hdl.handle.net/20.500.14242/101517,SRMA
r_36,"Immunosuppression from comorbidity or medication (e.g. diabetes, HIV, rheumatoid disease) or indicated by recurrent infections is a red-flag risk factor for spinal infection.",3,low back,Infection,Immunosuppression,RISK_FACTOR_FOR,direct,-,no,no,title: The use of red flags in screening patients in physiotherapy: narrative review. | author: Maselli F | year: 2019 | authority: University of Genova | doi: https://hdl.handle.net/20.500.14242/101517,SRMA
r_37,"Constant or steadily worsening pain that does not improve with position or activity is a red-flag pain profile for spinal infection. Interpret alongside infection history, fever, and symptoms—not in isolation.",2,low back,Infection,Constant pain,SUGGESTIVE_OF,direct,-,no,no,title: The diagnostic value of Red Flags in thoracolumbar pain: a systematic review | author: Maselli F | year: 2022 | authority: Disability and Rehabilitation | doi: https://doi.org/10.1080/09638288.2020.1804626,SRMA
r_38,"Back pain that wakes you at night and prevents you from settling back to sleep is a red-flag symptom to consider in spinal infection, especially when pain becomes constant, more intense, or is accompanied by fever, chills, feeling unwell, or progressive limitation of movement.",2,low back,Infection,Night pain,SUGGESTIVE_OF,direct,-,no,no,title: The diagnostic value of Red Flags in thoracolumbar pain: a systematic review | author: Maselli F | year: 2022 | authority: Disability and Rehabilitation | doi: https://doi.org/10.1080/09638288.2020.1804626,SRMA
r_39,"Pain severity greater than 7/10 (on a 0–10 scale) has been reported in association with spinal infection. Severe pain alone is not specific for infection, but used together with infection history, IV drug use, fever, chills, and night sweats to guide triage urgency.",3,low back,Infection,Severe pain,SUGGESTIVE_OF,direct,-,no,no,title: The use of red flags in screening patients in physiotherapy: narrative review. | author: Maselli F | year: 2019 | authority: University of Genova | doi: https://hdl.handle.net/20.500.14242/101517,SRMA
r_40,"New or worsening neurologic motor symptoms (leg weakness, poor balance when walking, foot drop) alongside spinal pain raises concern for spinal cord compression by abscess following spinal infection.",2,low back,Infection,Neuro motor deficit,SUGGESTIVE_OF,direct,-,no,no,title: The diagnostic value of Red Flags in thoracolumbar pain: a systematic review | author: Maselli F | year: 2022 | authority: Disability and Rehabilitation | doi: https://doi.org/10.1080/09638288.2020.1804626,SRMA
r_41,"New or worsening neurologic sensory symptoms (electric shock-like pain, tingling, numbness, loss of proprioception) alongside spinal pain raises concern for spinal cord compression by abscess following spinal infection.",2,low back,Infection,Neuro sensory deficit,SUGGESTIVE_OF,direct,-,no,no,title: The diagnostic value of Red Flags in thoracolumbar pain: a systematic review | author: Maselli F | year: 2022 | authority: Disability and Rehabilitation | doi: https://doi.org/10.1080/09638288.2020.1804626,SRMA
r_42,"New or worsening neurologic motor symptoms (leg weakness, poor balance when walking, foot drop) in both limbs alongside spinal pain is worrying for cauda equina syndrome (CES).",3,low back,CES,Bilat neuro motor deficit,SUGGESTIVE_OF,direct,-,no,no,title: The use of red flags in screening patients in physiotherapy: narrative review. | author: Maselli F | year: 2019 | authority: University of Genova | doi: https://hdl.handle.net/20.500.14242/101517,SRMA
r_43,"New or worsening neurologic sensory symptoms (electric shock-like pain, tingling, numbness, loss of proprioception) in both limbs alongside spinal pain is worrying for cauda equina syndrome (CES).",3,low back,CES,Bilat neuro sensory deficit,SUGGESTIVE_OF,direct,-,no,no,title: The use of red flags in screening patients in physiotherapy: narrative review. | author: Maselli F | year: 2019 | authority: University of Genova | doi: https://hdl.handle.net/20.500.14242/101517,SRMA
r_44,Urinary retention (can't fully empty) and incontinence (can't hold it / make it to the bathroom) are specific symptoms of cauda equina syndrome.,2,low back,CES,Bladder dysfunction,SUGGESTIVE_OF,direct,-,yes,no,title: The diagnostic value of Red Flags in thoracolumbar pain: a systematic review | author: Maselli F | year: 2022 | authority: Disability and Rehabilitation | doi: https://doi.org/10.1080/09638288.2020.1804626,SRMA
r_45,"Bowel dysfunction (loss of rectal sensation, constipation) and fecal incontinence (can't hold it / make it to the bathroom) are specific symptoms of cauda equina syndrome.",2,low back,CES,Bowel dysfunction,SUGGESTIVE_OF,direct,-,yes,no,title: The diagnostic value of Red Flags in thoracolumbar pain: a systematic review | author: Maselli F | year: 2022 | authority: Disability and Rehabilitation | doi: https://doi.org/10.1080/09638288.2020.1804626,SRMA
r_46,"Loss of sensation around the perineum, buttocks, inner thighs, genitals, and anus are specific symptoms of cauda equina syndrome.",2,low back,CES,Saddle anaesthesia,SUGGESTIVE_OF,direct,-,yes,no,title: The diagnostic value of Red Flags in thoracolumbar pain: a systematic review | author: Maselli F | year: 2022 | authority: Disability and Rehabilitation | doi: https://doi.org/10.1080/09638288.2020.1804626,SRMA
r_47,"In patients presenting with low back pain, abdominal pain that radiates or extends toward the groin raises concern for abdominal aortic aneurysm,  a vascular emergency. Combine abdominal or groin pain with age over 50, smoking, and hypertension to determine triage urgency.",3,low back,AAA,Abdominal pain,SUGGESTIVE_OF,direct,-,yes,no,title: The use of red flags in screening patients in physiotherapy: narrative review. | author: Maselli F | year: 2019 | authority: University of Genova | doi: https://hdl.handle.net/20.500.14242/101517,SRMA
r_48,Patients with a history of peripheral vascular disease or coronary artery disease are at an elevated risk of developing an abdominal aortic aneurysm.,3,low back,AAA,Cardiovascular disease,RISK_FACTOR_FOR,direct,-,yes,no,title: The use of red flags in screening patients in physiotherapy: narrative review. | author: Maselli F | year: 2019 | authority: University of Genova | doi: https://hdl.handle.net/20.500.14242/101517,SRMA
r_49,Age over 50 years is an independent predisposing risk factor that increases susceptibility to abdominal aortic aneurysm.,3,low back,AAA,Age over 50,RISK_FACTOR_FOR,direct,-,no,no,title: The use of red flags in screening patients in physiotherapy: narrative review. | author: Maselli F | year: 2019 | authority: University of Genova | doi: https://hdl.handle.net/20.500.14242/101517,SRMA
r_50,"Smoking increases the risk of abdominal aortic aneurysm, particularly heavy smoking (more than 20 cigarettes per day). Heavy smoking alone does not confirm abdominal aortic aneurysm—use it with cardiovascular history, abdominal/groin pain, and other red flags to determine triage urgency.",3,low back,AAA,Smoking,RISK_FACTOR_FOR,direct,Cardiovascular disease,no,no,title: The use of red flags in screening patients in physiotherapy: narrative review. | author: Maselli F | year: 2019 | authority: University of Genova | doi: https://hdl.handle.net/20.500.14242/101517,SRMA
r_51,"Abdominal aortic aneurysm occurs substantially more often in men. Male sex alone does not confirm abdominal aortic aneurysm—use it with cardiovascular history, abdominal/groin pain, and other red flags to determine triage urgency.",4,low back,AAA,Male sex,RISK_FACTOR_FOR,direct,-,no,no,"title: The Global and Regional Prevalence of Abdominal Aortic Aneurysms: A Systematic Review and Modeling Analysis | author: Song, Peige | year: 2023 | authority: Annals of Surgery | doi: https://doi.org/10.1097/SLA.0000000000005716",SRMA
r_52,"Hypertension is a common predisposing risk factor for abdominal aortic aneurysm. In patients with low back pain, poorly controlled or long-standing hypertension raises baseline concern when aneurysm is in the differential, especially with abdominal or groin radiation, age over 50, smoking, male sex, or known peripheral vascular or coronary disease. Hypertension alone does not confirm AAA—use it with symptom and examination findings to determine triage urgency.",4,low back,AAA,Hypertension,RISK_FACTOR_FOR,mediated,Cardiovascular disease,no,no,"title: The Global and Regional Prevalence of Abdominal Aortic Aneurysms: A Systematic Review and Modeling Analysis | author: Song, Peige | year: 2023 | authority: Annals of Surgery | doi: https://doi.org/10.1097/SLA.0000000000005716",SRMA
r_53,"Diabetes, especially when poorly controlled, is a risk factor for abdominal aortic aneurysm. The presence of diabetes increases concern for abdominal aortic aneurysm when pain is abdominal or radiates to the groin, or when other vascular red flags are present. Control and duration matter clinically, but diabetes alone does not confirm aneurysm; pair with abdominal symptoms, age, smoking, hypertension, and history of cardiovascular disease to determine triage urgency.",4,low back,AAA,Diabetes,RISK_FACTOR_FOR,mediated,Cardiovascular disease,no,no,"title: The Global and Regional Prevalence of Abdominal Aortic Aneurysms: A Systematic Review and Modeling Analysis | author: Song, Peige | year: 2023 | authority: Annals of Surgery | doi: https://doi.org/10.1097/SLA.0000000000005716",SRMA
r_54,"A family history of abdominal aortic aneurysm—especially in a first-degree relative (parent, sibling, or child)—is an independent predisposing risk factor that substantially increases lifetime risk of aneurysm. In patients with low back pain, this history raises baseline concern, particularly with abdominal or groin radiation, age over 50, male sex, smoking, hypertension, or known vascular disease. Family history alone does not confirm abdominal aortic aneurysm; use it with current symptoms and examination to determine triage urgency.",3,low back,AAA,Family history of AAA,RISK_FACTOR_FOR,direct,-,yes,no,title: The use of red flags in screening patients in physiotherapy: narrative review. | author: Maselli F | year: 2019 | authority: University of Genova | doi: https://hdl.handle.net/20.500.14242/101517,SRMA
r_55,"Hypercoagulability (lower clotting threshold of the blood associated with many causes including malignancy, Factor V Leiden, pregnancy, estrogen therapy, or inflammatory states) predisposes to deep vein thrombosis. In low back pain, it raises concern when there is calf pain (especially unilateral) or swelling, recent surgery, or prolonged immobility. Deep vein thrombosis at the level of the inferior vena cava can also present as back pain. Hypercoagulability alone does not confirm deep vein thrombosis—combine with other risk factors and red flags to determine triage urgency.",5,low back,DVT,Hypercoagulability,RISK_FACTOR_FOR,direct,-,yes,no,"title: Patients with inferior vena cava thrombosis frequently present with lower back pain and bilateral lower-extremity deep vein thrombosis | author: Kraft, Christiane | year: 2013 | authority: European Journal of Vascular Medicine | doi: https://doi.org/10.1024/0301-1526/a000288",OBS
r_56,"Venous stasis (slowed venous flow in the legs) is a core mechanism for deep vein thrombosis in Virchow’s triad. It is relevant in low back pain when the person has had prolonged bed rest, long travel, casting, or reduced mobility. Stasis increases baseline concern for deep vein thrombosis alongside calf swelling or calf pain; it does not confirm thrombosis without supporting signs. Consider in combination with other red flags to determine triage urgency.",6,low back,DVT,Venous stasis,RISK_FACTOR_FOR,direct,-,yes,no,"title: Diagnosis of Venous Thromboembolism | author: Canas, Alicia | year: 2025 | authority: Medical Clinics | doi: https://10.1016/j.mcna.2025.01.006",SRMA
r_57,"Endothelial injury to vein walls (e.g. from recent surgery, trauma, central venous access) completes Virchow’s triad and is a risk faactor for deep vein thrombosis. With low back pain, recent operative or venous injury history increases concern when calf pain, swelling, or redness (especially if unilateral) appears. Endothelial injury alone is not sufficient to diagnose deep vein thrombosis. Consider together with other risk factors to determine triage urgency.",6,low back,DVT,Endothelial injury,RISK_FACTOR_FOR,direct,-,yes,no,"title: Diagnosis of Venous Thromboembolism | author: Canas, Alicia | year: 2025 | authority: Medical Clinics | doi: https://10.1016/j.mcna.2025.01.006",SRMA
r_58,"A previous deep vein thrombosis or pulmonary embolism strongly increases the risk of recurrent clot. In low back pain, prior clot raises concern when new calf swelling, pain, or warmth (especially if unilateral) develops, particularly after surgery or immobilisation. History of deep vein thrombosis alone does not indicate new clot- consider together with other red flags and risk factors to determine triage urgency.",6,low back,DVT,Previous DVT,RISK_FACTOR_FOR,direct,-,yes,no,"title: Diagnosis of Venous Thromboembolism | author: Canas, Alicia | year: 2025 | authority: Medical Clinics | doi: https://10.1016/j.mcna.2025.01.006",SRMA
r_59,"Calf redness with pain or swelling (especially if unilateral) suggests possible deep vein thrombosis in low back pain. Most deep vein thromboses start in the deep veins of the calf and travel up the vascular system. Calf redness alone is not an indicator of deep vein thrombosis- consider together with calf pain, calf swelling, and predisposing risk factors to determine triage urgency.",6,low back,DVT,Calf redness,RISK_FACTOR_FOR,direct,-,yes,no,"title: Diagnosis of Venous Thromboembolism | author: Canas, Alicia | year: 2025 | authority: Medical Clinics | doi: https://10.1016/j.mcna.2025.01.006",SRMA
r_60,"Calf pain with redness or swelling (especially if unilateral) suggests possible deep vein thrombosis in low back pain. Most deep vein thromboses start in the deep veins of the calf and travel up the vascular system. Calf pain alone is not an indicator of deep vein thrombosis- consider together with calf redness, calf swelling, and predisposing risk factors to determine triage urgency.",6,low back,DVT,Calf pain,RISK_FACTOR_FOR,direct,-,yes,no,"title: Diagnosis of Venous Thromboembolism | author: Canas, Alicia | year: 2025 | authority: Medical Clinics | doi: https://10.1016/j.mcna.2025.01.006",SRMA
r_61,"Calf swelling with pain or redness (especially if unilateral) suggests possible deep vein thrombosis in low back pain. Most deep vein thromboses start in the deep veins of the calf and travel up the vascular system. Calf swelling alone is not an indicator of deep vein thrombosis- consider together with calf pain, calf redness, and predisposing risk factors to determine triage urgency.",6,low back,DVT,Calf swelling,RISK_FACTOR_FOR,direct,-,yes,no,"title: Diagnosis of Venous Thromboembolism | author: Canas, Alicia | year: 2025 | authority: Medical Clinics | doi: https://10.1016/j.mcna.2025.01.006",SRMA
r_62,"Recent surgery (especially major abdominal, orthopaedic, or pelvic procedures within the last 4 weeks) is a well-established risk factor for deep vein thrombosis due to vessel wall injury. Recent surgery alone is not an indicator of deep vein thrombosis- consider together with calf pain, calf redness, calf swelling, and predisposing risk factors to determine triage urgency",6,low back,DVT,Recent surgery,RISK_FACTOR_FOR,mediated,Endothelial injury,yes,no,"title: Diagnosis of Venous Thromboembolism | author: Canas, Alicia | year: 2025 | authority: Medical Clinics | doi: https://10.1016/j.mcna.2025.01.006",SRMA
r_63,"Prolonged bed rest or immobilisation for at least 3 days causes venous stasis and is a known risk factor for pulmonary embolism and deep vein thrombosis. In low back pain with reduced activity or hospitalisation, consider immobility in the context of recent surgery, calf swelling, calf redness, and calf pain to determine triage urgency.",6,low back,DVT,Prolonged bed rest,RISK_FACTOR_FOR,mediated,Venous stasis,yes,no,"title: Diagnosis of Venous Thromboembolism | author: Canas, Alicia | year: 2025 | authority: Medical Clinics | doi: https://10.1016/j.mcna.2025.01.006",SRMA
r_64,Age over 50 years is an independent predisposing risk factor that increases susceptibility to deep vein thrombosis.,6,low back,DVT,Age over 50,RISK_FACTOR_FOR,direct,-,no,no,"title: Diagnosis of Venous Thromboembolism | author: Canas, Alicia | year: 2025 | authority: Medical Clinics | doi: https://10.1016/j.mcna.2025.01.006",SRMA
r_65,"Diabetes contributes to hypercoagulability- in the context of low back pain, it modestly raises concern for deep vein thrombosis when calf pain/redness/swelling (especially unilateral), recent surgery, or immobilisation is present. Diabetes alone does not confirm deep vein thrombosis.",6,low back,DVT,Diabetes,RISK_FACTOR_FOR,mediated,Hypercoagulability,no,no,"title: Diagnosis of Venous Thromboembolism | author: Canas, Alicia | year: 2025 | authority: Medical Clinics | doi: https://10.1016/j.mcna.2025.01.006",SRMA
r_66,"Hypertension contributes to hypercoagulability- in the context of low back pain, it modestly raises concern for deep vein thrombosis when calf pain/redness/swelling (especially unilateral), recent surgery, or immobilisation is present. Hypertension alone does not confirm deep vein thrombosis.",6,low back,DVT,Hypertension,RISK_FACTOR_FOR,mediated,Hypercoagulability,no,no,"title: Diagnosis of Venous Thromboembolism | author: Canas, Alicia | year: 2025 | authority: Medical Clinics | doi: https://10.1016/j.mcna.2025.01.006",SRMA
